{
    "'": {
        "/ə/": 56.253041522011024,
        "/ɪ/": 7.946421937683136,
        "/i/": 35.80053654030585
    },
    "/b/": {
        "b": 100
    },
    "b": {
        "/b/": 100
    },
    "/aʊ/": {
        "o": 73.53625542441318,
        "u": 13.894014029778413,
        "a": 9.618204526642081,
        "e": 2.4802834993918528,
        "i": 0.44392527513648317,
        "y": 0.027317244637977838
    },
    "o": {
        "/aʊ/": 0.5599740512572682,
        "/ɹ/": 8.500376947033624,
        "/ɪ/": 5.407034783851062,
        "/oʊ/": 18.221323762989766,
        "/ɑ/": 10.982262581318743,
        "/ə/": 33.11149462588147,
        "/ɛ/": 0.8030986672610051,
        "/æ/": 0.23988691071664361,
        "/ɫ/": 12.850421751279496,
        "/i/": 4.5159802837734375,
        "/w/": 0.23799799053823092,
        "/eɪ/": 0.34203366699393956,
        "/ɝ/": 3.949806574654645,
        "/aɪ/": 0.17937475904311845,
        "/ɔɪ/": 0.0879978943416286
    },
    "u": {
        "/aʊ/": 0.31287108486128873,
        "/ə/": 66.30197109169255,
        "/ɹ/": 3.4520179671515487,
        "/ɑ/": 0.5391670887976323,
        "/æ/": 0.14310469496490744,
        "/eɪ/": 0.5182347746799756,
        "/i/": 3.9780030026355253,
        "/ɪ/": 6.046743672067966,
        "/ɝ/": 6.79278458580592,
        "/ɫ/": 10.046615501598554,
        "/oʊ/": 0.6056056976883177,
        "/w/": 0.4767581816916625,
        "/ɛ/": 0.5692610122488467,
        "/jə/": 0.011541251029150887,
        "/aɪ/": 0.1964169879244566
    },
    "/t/": {
        "t": 100
    },
    "t": {
        "/t/": 98.91385952175253,
        "/θ/": 0.7342222934935392,
        "/ʃ/": 0.2093748351512263,
        "/tʃ/": 0.12537614355838408,
        "/ð/": 0.016423901915890684
    },
    "/ə/": {
        "a": 35.96223248224391,
        "u": 10.920319110583943,
        "e": 21.222550222412337,
        "o": 16.12720023189688,
        "i": 15.623550460049263,
        "y": 0.1436490248754449
    },
    "/k/": {
        "c": 86.02008188253282,
        "k": 13.741785819290946,
        "q": 0.2381322981762204
    },
    "c": {
        "/k/": 87.05388952650907,
        "/s/": 10.27517326365225,
        "/ʃ/": 0.983262544854582,
        "/tʃ/": 1.6304564990009547,
        "/ks/": 0.057216901441058135
    },
    "a": {
        "/ə/": 33.699619105750116,
        "/ɛ/": 0.9626774372442672,
        "/eɪ/": 3.2867736931624423,
        "/w/": 0.24262353937176934,
        "/i/": 4.788537419288981,
        "/ɹ/": 12.065248520970192,
        "/ɪ/": 3.871265664177606,
        "/ɫ/": 11.521279875403541,
        "/ɑ/": 8.394607668413103,
        "/ɝ/": 2.3706655103310204,
        "/æ/": 17.69592843644859,
        "/oʊ/": 0.9149901907752899,
        "/aʊ/": 0.03342865787797665,
        "/aɪ/": 0.138774065927664
    },
    "/z/": {
        "s": 81.54451071121562,
        "z": 16.92882309646425,
        "x": 1.52666619232012
    },
    "s": {
        "/z/": 2.9504867926501444,
        "/s/": 93.43906334588999,
        "/ks/": 0.020364030420510826,
        "/ʃ/": 3.59003691014122
    },
    "e": {
        "/ə/": 19.949263575431186,
        "/ɹ/": 7.381655642971811,
        "/ɑ/": 0.3631321627440551,
        "/ɝ/": 10.889863676294242,
        "/ɫ/": 13.955087487133072,
        "/ɛ/": 22.161324351164428,
        "/æ/": 0.15516920955630795,
        "/i/": 14.203820966809154,
        "/oʊ/": 0.6626298465021362,
        "/eɪ/": 0.6458699319843887,
        "/ɪ/": 8.882863233528523,
        "/aɪ/": 0.5211856332726565,
        "/w/": 0.21230774861460333
    },
    "/s/": {
        "c": 7.077114287093013,
        "s": 92.90882013786687,
        "z": 0.014065575040120777
    },
    "/ɹ/": {
        "o": 7.150730460236924,
        "u": 0.9820056062093203,
        "r": 52.17251590656094,
        "e": 13.563023460313513,
        "i": 3.7510041226277666,
        "a": 22.237704454114947,
        "y": 0.0781125229571314,
        "w": 0.06490346697944561
    },
    "r": {
        "/ɹ/": 93.58225241547322,
        "/ɝ/": 6.417747584526782
    },
    "/m/": {
        "m": 100
    },
    "m": {
        "/m/": 100
    },
    "/ɪ/": {
        "i": 68.82422277443925,
        "o": 4.73238419756273,
        "a": 7.423612024113675,
        "e": 16.981041210011973,
        "u": 1.789662290533846,
        "y": 0.2489509704330171
    },
    "/f/": {
        "f": 96.05503666056794,
        "p": 2.0680837290297114,
        "h": 1.8768796104023535
    },
    "f": {
        "/f/": 100
    },
    "/oʊ/": {
        "i": 4.757979875603668,
        "o": 79.2481349870577,
        "a": 8.71900692371753,
        "e": 6.294636092562925,
        "u": 0.8906924569779768,
        "y": 0.08954966408020226
    },
    "i": {
        "/ɹ/": 2.8336881800213805,
        "/ɪ/": 49.97320735186632,
        "/oʊ/": 0.6952327398635187,
        "/ɛ/": 0.4820663507766277,
        "/ɫ/": 10.169436627739271,
        "/ɑ/": 0.3881822158968488,
        "/i/": 8.648410830792658,
        "/ə/": 20.385261250671302,
        "/æ/": 0.14598343624598986,
        "/eɪ/": 0.5520595500262219,
        "/w/": 0.1975685700162631,
        "/ɝ/": 2.5930611671595045,
        "/aɪ/": 2.924533541429984
    },
    "g": {
        "/ŋ/": 15.608170504931849,
        "/dʒ/": 84.22075122896415,
        "/ʒ/": 0.1710782661040064
    },
    "/ɛ/": {
        "a": 4.03446538416742,
        "i": 1.4509545846025913,
        "e": 92.58698885643827,
        "o": 1.5361465392011027,
        "y": 0.023227598781154424,
        "u": 0.3682170368094528
    },
    "/n/": {
        "n": 100
    },
    "n": {
        "/n/": 98.77127954540715,
        "/ŋ/": 1.2199774594508164
    },
    "k": {
        "/k/": 99.9638559948871,
        "/ks/": 0.03614400511290544
    },
    "/eɪ/": {
        "a": 71.60898196876502,
        "y": 0.5811023751354687,
        "i": 8.638243165173613,
        "e": 14.02787262074008,
        "o": 3.401144589400938,
        "u": 1.7426552807848772
    },
    "y": {
        "/eɪ/": 3.555207242031513,
        "/ɑ/": 1.5837138788257628,
        "/ɫ/": 9.243096559008563,
        "/i/": 21.784412466118965,
        "/æ/": 0.709258474997152,
        "/ɝ/": 3.7301944623495595,
        "/ɛ/": 0.7387697154677023,
        "/ə/": 17.942832335140356,
        "/ɪ/": 17.30459746751507,
        "/ɹ/": 5.649069943821355,
        "/aʊ/": 0.012655281016324604,
        "/jə/": 0.10888894458940536,
        "/j/": 4.630838580265236,
        "/oʊ/": 1.2526315482038273,
        "/aɪ/": 11.244853671958843,
        "/ɔɪ/": 0.22157392997216477,
        "/w/": 0.2739468715673276,
        "/nj/": 0.011724482757714648
    },
    "/d/": {
        "d": 100
    },
    "d": {
        "/d/": 99.87527802054855,
        "/dʒ/": 0.12383704501501913
    },
    "/ɫ/": {
        "i": 13.268671812572672,
        "l": 26.92825031783799,
        "a": 20.930976203764878,
        "y": 0.1259784551997965,
        "e": 25.27378987041491,
        "o": 10.65527541984526,
        "u": 2.8170579203645008
    },
    "l": {
        "/ɫ/": 99.99840713979331
    },
    "/w/": {
        "w": 66.60162363125181,
        "a": 10.374062127075327,
        "o": 4.644593842101641,
        "i": 6.067021973754091,
        "u": 3.146308495945075,
        "e": 9.04962962477948,
        "v": 0.028883899001625888,
        "y": 0.08787640609095577
    },
    "w": {
        "/w/": 92.85373968693713,
        "/ɹ/": 2.099155967576672,
        "/ɝ/": 4.3345489321490325,
        "/hw/": 0.7125554133371548
    },
    ".": {},
    "/i/": {
        "a": 17.102932398272397,
        "i": 22.18430392253011,
        "y": 0.5837186592246384,
        "e": 50.57337449269445,
        "o": 7.361702655062903,
        "u": 2.192906111146209
    },
    "/ɑ/": {
        "a": 59.35540595533249,
        "e": 2.5596090778376026,
        "i": 1.9712300523152757,
        "y": 0.08400915760737761,
        "o": 35.441348704822296,
        "u": 0.5883970520849543
    },
    "/ɝ/": {
        "a": 11.863932794329333,
        "e": 54.32877205404005,
        "r": 9.714839557429853,
        "o": 9.021791084480164,