{
    "/b/": {
        "b": 95.59093651791056,
        "r": 2.814654894545775,
        "s": 0.1567872233471541,
        "l": 1.0711454490558943,
        "n": 0.12091709614501536
    },
    "/t/": {
        "t": 93.5394662851385,
        "l": 0.17914791628533472,
        "s": 2.4002847690307543,
        "d": 0.11119812095362602,
        "r": 2.3547188099844543,
        "n": 1.1058027712033653
    },
    "'": {
        "/t/": 2.0430613561822626,
        "/k/": 0.8342926252597408,
        "/z/": 78.27751445520369,
        "/ɹ/": 0.3216673558146807,
        "/s/": 5.718069786127036,
        "/m/": 0.2390887109090574,
        "/n/": 7.585517416684194,
        "/d/": 0.9254850480412354,
        "/ɫ/": 1.3215033664912654,
        "/ɝ/": 2.508065354146706
    },
    "b": {
        "/b/": 97.77419055285539,
        "/ɝ/": 0.21971478666454392,
        "/ɹ/": 0.8530099733527007,
        "/ɫ/": 0.5716036038597533,
        "/n/": 0.15257053087304956,
        "/m/": 0.2328157247485134
    },
    "/aʊ/": {
        "o": 54.36301688891214,
        "u": 40.77718229202537,
        "a": 3.856807910842403,
        "e": 0.9803241919868678
    },
    "o": {
        "/aʊ/": 0.693265053056807,
        "/ɔ/": 7.977838979534967,
        "/ɪ/": 0.146363406957983,
        "/oʊ/": 44.340536681653816,
        "/ɑ/": 15.007291760946586,
        "/ə/": 28.46033239838345,
        "/i/": 0.4141109312983184,
        "/ɝ/": 0.887618730274259,
        "/u/": 1.3622611665569164,
        "/ʊ/": 0.4698097320324865,
        "/ɔɪ/": 0.11438175409703627
    },
    "u": {
        "/aʊ/": 1.905398540990175,
        "/ə/": 68.20124536614712,
        "/ɔ/": 0.8454484401127675,
        "/j/": 3.3011824756310473,
        "/u/": 21.437956417650806,
        "/ɑ/": 0.11967206178637854,
        "/i/": 0.22970573074503173,
        "/ɪ/": 0.4372092635313349,
        "/ɝ/": 2.5534379683633097,
        "/oʊ/": 0.1705240852420527,
        "/ɛ/": 0.10387788599501087,
        "/ʊ/": 0.6423087630123112
    },
    "t": {
        "/t/": 92.41254808230428,
        "/ɫ/": 0.2599698384852267,
        "/s/": 3.825316390100355,
        "/θ/": 0.25438014877093573,
        "/ɹ/": 0.9177366814633314,
        "/n/": 1.4835680369755784,
        "/ʃ/": 0.1878170931080843,
        "/k/": 0.29626856569492543,
        "/ɝ/": 0.18217258749285492
    },
    "/k/": {
        "c": 64.36676214099617,
        "s": 1.2089605250753515,
        "r": 1.9163217391989062,
        "k": 29.002734253260954,
        "h": 0.5530047070859209,
        "n": 0.6515906453446703,
        "l": 0.8890001938995038,
        "t": 0.7106765497199756,
        "x": 0.330050993944419,
        "q": 0.16301821323560892
    },
    "/z/": {
        "'": 3.454550283500998,
        "s": 89.95993922649197,
        "r": 1.28964089569296,
        "n": 1.2066740797573876,
        "l": 0.25626758449630477,
        "d": 0.15230610658332022,
        "z": 3.4632652539848396
    },
    "c": {
        "/k/": 88.65802520872509,
        "/ɹ/": 0.9843052485106092,
        "/s/": 5.615714555830957,
        "/n/": 1.099871969910903,
        "/ɫ/": 0.45698815443455254,
        "/t/": 0.3153192202220879,
        "/ʃ/": 0.36064865157486503,
        "/m/": 0.2736564796511322,
        "/tʃ/": 2.0374444476234643
    },
    "/ə/": {
        "a": 50.41734714761703,
        "u": 9.304587214073425,
        "e": 16.551683858712945,
        "o": 14.227140859367722,
        "i": 9.45313088093389
    },
    "a": {
        "/ə/": 47.17985632251529,
        "/ɛ/": 0.6021226074029543,
        "/eɪ/": 6.555070489733125,
        "/i/": 1.3378099537442585,
        "/ɪ/": 0.271635761639372,
        "/ɑ/": 14.30054673687516,
        "/ɝ/": 0.3747622137716787,
        "/ɔ/": 0.634410086559225,
        "/æ/": 28.49978709374474,
        "/oʊ/": 0.12343138345814927
    },
    "s": {
        "/k/": 0.44490593996210465,
        "/z/": 19.458585600928714,
        "/ɹ/": 0.16827781649542445,
        "/s/": 74.71339003990536,
        "/t/": 2.093347464272244,
        "/ɫ/": 0.34889864351712896,
        "/n/": 1.2185511339597221,
        "/m/": 0.1403794541390092,
        "/ʃ/": 0.8749202850083833,
        "/ɝ/": 0.264676983368847,
        "/p/": 0.11347570195273274
    },
    "e": {
        "/ə/": 15.644508743256582,
        "/u/": 0.2985785815969911,
        "/ɝ/": 17.15742254251863,
        "/ɛ/": 37.803491795521744,
        "/i/": 19.551200061400127,
        "/oʊ/": 0.30208806759683454,
        "/eɪ/": 0.8582689642166441,
        "/ɪ/": 7.226491885117347,
        "/aɪ/": 0.9815757377590316
    },
    "/ɹ/": {
        "c": 0.3304740464943045,
        "r": 97.01198247275775,
        "s": 0.21146316700996284,
        "n": 0.18878768118464848,
        "d": 0.22453432808951226,
        "g": 0.1951446229248309,
        "h": 0.13427058504594028,
        "t": 1.0180484532411949,
        "b": 0.18776178000776048,
        "p": 0.24157944172979706
    },
    "/s/": {
        "c": 1.8501303155648001,
        "r": 0.3779278266127089,
        "s": 92.12893353680485,
        "l": 0.19195815073336353,
        "t": 4.163968701263211,
        "k": 0.16620790848627853,
        "n": 0.5026093858139198,
        "x": 0.11316489460428349,
        "p": 0.23179968835156128
    },
    "/ɔ/": {
        "o": 82.82557889936118,
        "u": 2.39548515227117,
        "e": 0.5663314786574997,
        "a": 14.079752017692948,
        "i": 0.12080989909024435
    },
    "r": {
        "/k/": 0.6296149730913209,
        "/ɹ/": 68.92361585913851,
        "/s/": 0.2736288002356519,
        "/f/": 0.12327632966432932,
        "/n/": 0.35130752739559706,
        "/d/": 0.459999007959098,
        "/b/": 0.4502237746219354,
        "/ɝ/": 25.600297129310675,
        "/ɡ/": 0.2914160735486524,
        "/m/": 0.22141219563594502,
        "/z/": 0.24904707767963988,
        "/t/": 1.833446079190508,
        "/ɫ/": 0.16091111223934573,
        "/p/": 0.3323742416921857
    },
    "/j/": {
        "c": 1.9975009087345228,
        "u": 61.70355327130463,
        "s": 0.42487271071104654,
        "e": 7.262452492212159,
        "a": 4.25126006786506,
        "b": 0.5385337574514133,
        "i": 3.5136657140991896,
        "k": 0.11152560501116121,
        "h": 0.39737801733708544,
        "l": 3.1878952693826186,
        "r": 1.2022214900353647,
        "n": 0.47347747858434924,
        "g": 0.3219643096428232,
        "t": 0.6000650464371045,
        "m": 1.9081575177272,
        "o": 1.5672914557020612,
        "y": 8.973677975332023,
        "p": 0.4250681964834481,
        "f": 0.218982916351784,
        "w": 0.1381023914985558,
        "j": 0.7365662550771197
    },
    "/u/": {
        "u": 73.14690414741577,
        "e": 7.900356027310236,
        "a": 0.6029467601547006,
        "i": 1.2987831126618337,
        "o": 17.031221612147185
    },
    "/m/": {
        "m": 97.53982888426208,
        "t": 0.12046758810052605,
        "r": 0.7373538677201327,
        "b": 0.12125020802574517,
        "n": 0.2673211658926997,
        "s": 0.4173769979641932,
        "l": 0.1925437367855311,
        "c": 0.21738540906223125,
        "p": 0.22979441250517807
    },
    "m": {
        "/m/": 98.90503286695603,
        "/ɹ/": 0.19425270388693644,
        "/n/": 0.18389352622091626,
        "/s/": 0.10755294482432919,
        "/ɫ/": 0.12921112682208427
    },
    "/f/": {
        "f": 94.58554101899963,
        "r": 2.0527797990957874,
        "s": 0.1939821612326308,
        "t": 0.21306398013297462,
        "n": 0.24898397372261669,
        "p": 0.7570807486259261,
        "h": 0.9557518497896388,
        "l": 0.8343475566076477
    },
    "f": {
        "/f/": 97.76701216411296,
        "/ɹ/": 0.6916445814470782,
        "/ɝ/": 0.1313422544834827,
        "/t/": 0.13545969299709423,
        "/n/": 0.3305779856689437,
        "/ɫ/": 0.7394450300101513
    },
    "/ɪ/": {
        "i": 91.17938310563417,
        "a": 0.3120795481023754,
        "e": 8.219828534078468,
        "y": 0.1459185658983207
    },
    "/oʊ/": {
        "i": 0.3800925151231885,