{
    "'": {
        "/ə/": 56.253041522011024,
        "/ɪ/": 7.946421937683136,
        "/i/": 35.80053654030585
    },
    "/b/": {
        "b": 100
    },
    "b": {
        "/b/": 100
    },
    "/aʊ/": {
        "o": 73.33041157124075,
        "u": 13.998528935719571,
        "a": 9.506848046149445,
        "e": 2.680351742580241,
        "i": 0.45686020812212946
    },
    "o": {
        "/aʊ/": 0.5293588993421072,
        "/ɔ/": 3.540165587151922,
        "/ɹ/": 11.98724016670384,
        "/ɪ/": 4.663320638125893,
        "/oʊ/": 17.680236645381612,
        "/ɑ/": 10.396954237664152,
        "/ə/": 29.52183566312274,
        "/ɛ/": 0.6572377143836206,
        "/æ/": 0.20222647979264108,
        "/ɫ/": 11.73009970109591,
        "/i/": 4.07836196067013,
        "/w/": 0.2083419085289808,
        "/eɪ/": 0.28518990101492,
        "/ɝ/": 3.5161733298950772,
        "/u/": 0.574610662818165,
        "/ʊ/": 0.17615234447150294,
        "/aɪ/": 0.1502989189811933
    },
    "u": {
        "/aʊ/": 0.2928453553318406,
        "/ə/": 62.242802766556665,
        "/ɔ/": 0.38065188175105913,
        "/ɹ/": 3.952659043358871,
        "/ju/": 0.5315812625242183,
        "/ɑ/": 0.5037411675586528,
        "/u/": 4.177430729543546,
        "/æ/": 0.12439634304402944,
        "/eɪ/": 0.4581526636685276,
        "/i/": 3.48847529889959,
        "/ɪ/": 5.469912326518102,
        "/ɝ/": 6.57937560472627,
        "/ɫ/": 10.042930056726993,
        "/oʊ/": 0.49475882675741645,
        "/w/": 0.446430809828312,
        "/ɛ/": 0.4957906769537944,
        "/ʊ/": 0.14882605913502564,
        "/aɪ/": 0.1432190882435465
    },
    "/t/": {
        "t": 96.02543490720824,
        "d": 3.9745650927917633
    },
    "t": {
        "/t/": 98.91385952175253,
        "/θ/": 0.7342222934935392,
        "/ʃ/": 0.2093748351512263,
        "/tʃ/": 0.12537614355838408
    },
    "/ə/": {
        "a": 36.53016865751224,
        "u": 10.825978379298363,
        "e": 21.329443971838476,
        "o": 14.880283931321777,
        "i": 16.292917700558547,
        "y": 0.14071911298883766
    },
    "/k/": {
        "c": 86.02008188253282,
        "k": 13.741785819290946,
        "q": 0.2381322981762204
    },
    "c": {
        "/k/": 87.05388952650907,
        "/s/": 10.27517326365225,
        "/ʃ/": 0.983262544854582,
        "/tʃ/": 1.6304564990009547
    },
    "a": {
        "/ə/": 34.09095547027677,
        "/ɛ/": 0.9352894342983634,
        "/eɪ/": 3.319970731039178,
        "/w/": 0.237863938608005,
        "/i/": 4.5478219564963664,
        "/ɹ/": 11.548098516021021,
        "/ɪ/": 3.7278580486825303,
        "/ɫ/": 11.545830872886953,
        "/ɑ/": 8.360005511522656,
        "/ɝ/": 2.2411857337140852,
        "/ɔ/": 0.8513800662193768,
        "/æ/": 17.47534441985559,
        "/oʊ/": 0.8750886211965028,
        "/aɪ/": 0.13514175370632386
    },
    "/z/": {
        "s": 81.69732254200017,
        "z": 16.78923964788816,
        "x": 1.5134378101116635
    },
    "s": {
        "/z/": 2.9792403428609533,
        "/s/": 93.4118077730338,
        "/ʃ/": 3.5875140166717916
    },
    "e": {
        "/ə/": 19.787023999928326,
        "/ɔ/": 0.10723495305176221,
        "/ɹ/": 7.2511624482517485,
        "/ɑ/": 0.3613956183178506,
        "/ɝ/": 11.468979118161917,
        "/ɫ/": 13.910054215019342,
        "/ɛ/": 22.079809853298766,
        "/æ/": 0.15468503545906695,
        "/i/": 14.076236394577975,
        "/oʊ/": 0.6437276655861756,
        "/eɪ/": 0.6442178843067484,
        "/ɪ/": 8.644186252916963,
        "/u/": 0.1059969364816009,
        "/aɪ/": 0.5169797311823516,
        "/w/": 0.21028123091487322
    },
    "/s/": {
        "c": 7.073271793620249,
        "s": 92.91270814034976
    },
    "/ɔ/": {
        "o": 60.74010696632911,
        "u": 2.2536689048167675,
        "e": 3.9347716728209567,
        "a": 31.054182294441667,
        "i": 1.9387079019468934
    },
    "/ɹ/": {
        "o": 10.291811317604788,
        "u": 1.1710410463225633,
        "r": 50.39835860719389,
        "e": 13.314088445779563,
        "i": 3.6132183504323434,
        "a": 21.077919102162795
    },
    "r": {
        "/ɹ/": 93.58225241547322,
        "/ɝ/": 6.417747584526782
    },
    "/ju/": {
        "u": 77.12339036885909,
        "e": 14.345603003395615,
        "a": 1.9026804578081926,
        "i": 2.5206634915955486,
        "o": 3.440335310907706,
        "y": 0.6673273674338465
    },
    "/m/": {
        "m": 100
    },
    "m": {
        "/m/": 100
    },
    "/ɪ/": {
        "i": 70.40613724722743,
        "o": 4.152186568437045,
        "a": 7.056439017628565,
        "e": 16.460267606137062,
        "u": 1.6806299640462767,
        "y": 0.24421775973121118
    },
    "/f/": {
        "f": 96.05503666056794,
        "p": 2.0680837290297114,
        "h": 1.8768796104023535
    },
    "f": {
        "/f/": 100
    },
    "/oʊ/": {
        "i": 4.872198762140545,
        "o": 79.6852673139628,
        "a": 8.3846828705556,
        "e": 6.204736294400068,
        "u": 0.769473497706242
    },
    "i": {
        "/ɹ/": 2.669293488746051,
        "/ɪ/": 50.153779352366776,
        "/oʊ/": 0.6856615020051817,
        "/ɛ/": 0.4625376793535975,
        "/ɫ/": 9.941101997161226,
        "/ɑ/": 0.3740746363547591,
        "/i/": 8.836135103327619,
        "/ə/": 20.5024486535148,
        "/æ/": 0.14119233997848668,
        "/eɪ/": 0.5549229845162947,
        "/w/": 0.18959758150201483,
        "/ɝ/": 2.482623749059416,
        "/aɪ/": 2.8879059036992145
    },
    "/ɡ/": {
        "g": 100
    },
    "g": {
        "/ɡ/": 97.13108127987779,
        "/ŋ/": 0.4261100814851744,
        "/dʒ/": 2.437977699994583
    },
    "/ɛ/": {
        "a": 3.9157977681227503,
        "i": 1.4361571684827745,
        "e": 92.99425188262458,
        "o": 1.294350985550212,
        "u": 0.336928767341619
    },
    "/n/": {
        "n": 100
    },
    "n": {
        "/n/": 98.77127954540715,
        "/ŋ/": 1.2199774594508164
    },
    "k": {
        "/k/": 99.9638559948871
    },
    "/eɪ/": {
        "a": 71.92993055798064,
        "y": 0.5951240240781331,
        "i": 8.916383229960262,
        "e": 14.040892457192259,
        "o": 2.9064635733916133,
        "u": 1.6112061573971073
    },
    "y": {
        "/eɪ/": 3.532276228958248,
        "/ɑ/": 1.5028353499555736,
        "/ɫ/": 8.743500009111683,
        "/i/": 25.496854220621028,
        "/æ/": 0.6768272197547349,
        "/ɝ/": 3.5150705410529683,
        "/ɛ/": 0.6914964606818851,
        "/ə/": 16.887413885853185,
        "/ɪ/": 16.591038820178525,
        "/ɔ/": 0.2769745773355992,
        "/ɹ/": 4.976627409640859,
        "/jə/": 0.11143286481979861,
        "/j/": 4.452179015272066,
        "/oʊ/": 1.1225573323826532,
        "/aɪ/": 10.767503803487404,
        "/ɔɪ/": 0.2126726364411828,
        "/w/": 0.26967467535743583
    },
    "/d/": {
        "d": 100.00000000000001
    },
    "d": {
        "/d/": 95.23344948454269,
        "/t/": 4.651561987460329,
        "/dʒ/": 0.11415676167699489
    },
    "/ɫ/": {
        "i": 13.50621063113126,
        "l": 26.487976424233945,
        "a": 21.151615986381252,
        "y": 0.12456072117189004,
        "e": 25.63502433233227,
        "o": 10.108237115213388,
        "u": 2.986374789535991
    },
    "l": {
        "/ɫ/": 99.99840713979331
    },
    "/w/": {
        "w": 66.73012650199786,
        "a": 10.368682352958077,
        "o": 4.27195784254079,
        "i": 6.129264799506123,
        "u": 3.1587454868410108,
        "e": 9.22108498120403
    },
    "w": {
        "/w/": 92.71680223184062,
        "/ɹ/": 2.088083972456116,
        "/v/": 0.14763295782868732,
        "/ɝ/": 4.341276059301537,
        "/hw/": 0.7062047785730435
    },
    ".": {},
    "/i/": {
        "a": 16.27453899444227,
        "i": 23.450289884140638,
        "y": 0.709527576815843,
        "e": 50.67320138198432,
        "o": 6.865092043623489,
        "u": 2.026312410464829
    },