{
    "/b/": {
        "ber": 2.6307361838201095,
        "ble": 1.2781411457745186,
        "abl": 1.5839481712290566,
        "^ba": 8.959857750513644,
        "^be": 7.796340075630514,
        "^bi": 3.6462434184784356,
        "^bl": 3.2396104000328325,
        "^bo": 6.834306637930374,
        "^br": 7.297411176985214,
        "^bu": 5.2820179763029715
    },
    "/a/": {
        "oun": 1.438449233786184,
        "ine": 1.0826990024815888,
        "liz": 1.0170161174189916,
        "igh": 1.8185065435927885,
        "^di": 1.015179170505866,
        "^ou": 1.78040634007725
    },
    "/ʊ/": {
        "co$": 1.1826266723543208,
        "oun": 1.403646173252747,
        "ro$": 1.0558976720719138,
        "one": 1.2441642270801978,
        "no$": 1.4911039682551355,
        "old": 1.2102153743092132,
        "ood": 1.0196325212401234,
        "ver": 1.0820239616145024
    },
    "/t/": {
        "nt$": 1.1737154376246022,
        "te$": 1.601777406691331,
        "tin": 1.3457999478621434,
        "ate": 1.5303439205707199,
        "st$": 1.173661788725383,
        "ent": 1.0171369115129434,
        "nte": 1.1009263489968186,
        "ter": 2.111064644563609,
        "^ch": 2.0345806481445483,
        "^st": 1.7858632257243816,
        "^ta": 1.5675855078028644,
        "^te": 1.701328375652123,
        "^to": 1.5429383688155454,
        "^tr": 2.255985943655793
    },
    "/k/": {
        "ck$": 1.5982825434110732,
        "ica": 1.0502664780769342,
        "ic$": 1.1590493632879424,
        "ker": 1.0025201727901665,
        "^ca": 5.363460817966315,
        "^cl": 1.6461415923308444,
        "^co": 8.45110387369597,
        "^cr": 2.2472152938734746,
        "^cu": 1.1540307227544435,
        "^ka": 1.813802540399331,
        "^ke": 1.4967837267095343,
        "^ki": 1.5896612051312962,
        "^ko": 1.5509179252388827
    },
    "/ə/": {
        "on$": 1.1649705657380074,
        "ion": 1.8996511494623456,
        "man": 1.2928300176864471,
        "^un": 1.4806329746973794
    },
    "/z/": {
        "as$": 1.1254497957631446,
        "'s$": 12.047133765495893,
        "ons": 1.0012755472351553,
        "n's": 1.141257040001553,
        "ns$": 4.881466471252494,
        "es$": 8.815405575242382,
        "rs$": 5.734059284523971,
        "ls$": 1.8838909094735916,
        "ds$": 1.5350582774907757,
        "ers": 2.182627153297484,
        "s'$": 1.1776215180969523,
        "r's": 1.0080936698336787,
        "^za": 1.1144818666512883
    },
    "/ɔ/": {
        "orr": 1.1009569391689171,
        "orm": 1.0112862776550122,
        "all": 1.7227383532421878,
        "ong": 1.0441036222499795,
        "tor": 1.7879920991810718,
        "off": 1.2382386205747575,
        "ore": 2.240990520340289,
        "orn": 1.0344922299486365,
        "ort": 2.249732102304902,
        "ori": 1.0590578100796646,
        "hor": 1.435929827872485,
        "^au": 1.7913416202703516,
        "^co": 1.3982285846363174,
        "^fo": 1.2089625066146936,
        "^mo": 1.1065080666949652,
        "^or": 2.930546278642835,
        "^wa": 1.2925233251481427
    },
    "/ɹ/": {
        "ard": 1.0810271319108338,
        "art": 1.3085660812945423,
        "ran": 1.0808452831360367,
        "^br": 1.3056191775983192,
        "^gr": 1.018682969111532,
        "^pr": 1.5988773757080508,
        "^ra": 2.4152921098497537,
        "^re": 6.504667882701859,
        "^ri": 1.5888023344747142,
        "^ro": 2.7895937197807448,
        "^ru": 1.2178750556817686,
        "^tr": 1.0599621535402233
    },
    "/s/": {
        "us$": 1.0170141736363452,
        "es$": 1.0182439346833554,
        "'s$": 1.1002770300163576,
        "ts$": 2.026796693595944,
        "est": 1.7232807625420066,
        "ist": 1.795234550943908,
        "ss$": 1.1087576420719665,
        "^sa": 2.9596030273201293,
        "^sc": 1.4310975258167566,
        "^se": 2.7955487086442457,
        "^si": 1.7506506636782098,
        "^so": 1.7354382349653952,
        "^sp": 1.8976844261021282,
        "^st": 4.937698671380223,
        "^su": 2.2901172913552483
    },
    "/j/": {
        "ula": 1.4165832370815339,
        "lia": 1.0708341201152438,
        "^bu": 1.0393202691799979,
        "cul": 1.3840042483048096,
        "^eu": 2.3097541637792354,
        "^hu": 1.0892367924102535,
        "^ja": 1.8060904083427776,
        "^mu": 1.2997405833263012,
        "^un": 2.4598734096951658,
        "^us": 1.0587241854546785,
        "^ya": 4.255671513532537,
        "^ye": 3.2176934033124938,
        "^yo": 4.090266856201077,
        "^yu": 1.5569473315509976
    },
    "/u/": {
        "oon": 1.072054829637548,
        "upe": 1.2605867248352507,
        "oot": 1.0073828403251153,
        "^su": 1.2735076160214176
    },
    "/m/": {
        "omp": 1.1407939912193275,
        "erm": 1.0748121954774095,
        "man": 1.629699819174295,
        "mer": 1.2929157921038124,
        "^ma": 10.266979816494983,
        "^mc": 3.498676998162256,
        "^me": 4.587384207863734,
        "^mi": 5.160378785211726,
        "^mo": 5.167930997024713,
        "^mu": 2.3306701735900544
    },
    "/f/": {
        "ff$": 1.5046574786189186,
        "for": 1.2746164999736496,
        "fer": 1.3902343044849965,
        "^fa": 6.0259462440982725,
        "^fe": 4.791551101397922,
        "^fi": 5.62564671048604,
        "^fl": 4.382501040210209,
        "^fo": 5.686334977216904,
        "^fr": 6.172017418459007,
        "^fu": 2.768349506086423,
        "^ph": 2.3665525098773506
    },
    "/ɪ/": {
        "ing": 4.058707890324905,
        "ng$": 1.3269460468384475,
        "ate": 1.1364481791613983,
        "ill": 1.0189156999340836,
        "ati": 1.228996178082435,
        "lin": 1.0543174714098067,
        "^in": 2.4037616961164487
    },
    "/o/": {
        "low": 1.06583550801378,
        "no$": 1.069186760040086,
        "ino": 1.023997390880761,
        "^bo": 1.0096460156657583,
        "^co": 1.4908773832900857,
        "^ho": 1.119225550733656,
        "^mo": 1.0828247421639232,
        "^ov": 2.256436751229186,
        "^ro": 1.4701718320877493
    },
    "/ɡ/": {
        "erg": 1.4515482495352858,
        "rg$": 1.6558261378553991,
        "ega": 1.3241397745949244,
        "ger": 2.1342427201076837,
        "^ga": 7.8557474484546645,
        "^ge": 2.0177160708123845,
        "^gi": 2.3145116665385723,
        "^gl": 2.8224569064637253,
        "^go": 6.158137082023833,
        "^gr": 9.054753271561164,
        "^gu": 4.393542326515992
    },
    "/ɛ/": {
        "ett": 1.432492914783389,
        "ell": 2.9428513477968767,
        "ent": 1.613791344248547,
        "ess": 1.1016546075710452,
        "res": 1.1813536927947201,
        "est": 1.202833277602429,
        "^be": 1.0039325767628666,
        "^de": 1.3529039598455928,
        "^el": 1.253911154134782,
        "^en": 1.897665802644781,
        "^ex": 1.082074394010321,
        "^he": 1.0409586538771085,
        "^me": 1.2186320860684514,
        "^re": 1.2294896923757617,
        "^se": 1.0196600718529392
    },
    "/n/": {
        "in$": 1.490479039146352,
        "on$": 3.5556988972205597,
        "ons": 1.340159082180326,
        "en$": 1.6645778323787217,
        "ne$": 1.4130840804810394,
        "ion": 1.3856397129880391,
        "ant": 1.1448548783675083,
        "an$": 2.9909115053016437,
        "ent": 2.0143204753684008,
        "and": 1.8541599763203265,
        "^in": 1.415646159834034,
        "^na": 1.0124144168209503,
        "^ne": 1.4313763572700036,
        "^no": 1.6503609965334318
    },
    "/e/": {
        "ate": 2.606941476276679,
        "ati": 3.606930583960687,
        "nat": 1.397874793123436,
        "tat": 1.4884963137847758,
        "cat": 1.5517777072200096,
        "rat": 2.122361236102825,
        "lat": 1.735511151749074,
        "rai": 1.175210496169519,
        "ain": 1.5536762915528823,
        "^ra": 1.0006608810865074
    },
    "/d/": {
        "ed$": 5.8811291903145095,
        "rd$": 1.3375205226339317,