{
    "'": {
        "/ə/": 56.253041522011024,
        "/ɪ/": 7.946421937683136,
        "/i/": 35.80053654030585
    },
    "/b/": {
        "b": 100
    },
    "b": {
        "/b/": 100
    },
    "/aʊ/": {
        "o": 73.33041157124075,
        "u": 13.998528935719571,
        "a": 9.506848046149445,
        "e": 2.680351742580241
    },
    "o": {
        "/ɔ/": 3.540165587151922,
        "/ɹ/": 11.98724016670384,
        "/ɪ/": 4.663320638125893,
        "/oʊ/": 17.680236645381612,
        "/ɑ/": 10.396954237664152,
        "/ə/": 29.52183566312274,
        "/ɫ/": 11.73009970109591,
        "/i/": 4.07836196067013,
        "/ɝ/": 3.5161733298950772
    },
    "u": {
        "/ə/": 62.242802766556665,
        "/ɹ/": 3.952659043358871,
        "/u/": 4.177430729543546,
        "/i/": 3.48847529889959,
        "/ɪ/": 5.469912326518102,
        "/ɝ/": 6.57937560472627,
        "/ɫ/": 10.042930056726993
    },
    "/t/": {
        "t": 100
    },
    "t": {
        "/t/": 98.91385952175253
    },
    "/ə/": {
        "a": 36.53016865751224,
        "u": 10.825978379298363,
        "e": 21.329443971838476,
        "o": 14.880283931321777,
        "i": 16.292917700558547
    },
    "/k/": {
        "c": 86.02008188253282,
        "k": 13.741785819290946
    },
    "c": {
        "/k/": 87.05388952650907,
        "/s/": 10.27517326365225,
        "/tʃ/": 1.6304564990009547
    },
    "a": {
        "/ə/": 34.09095547027677,
        "/eɪ/": 3.319970731039178,
        "/i/": 4.5478219564963664,
        "/ɹ/": 11.548098516021021,
        "/ɪ/": 3.7278580486825303,
        "/ɫ/": 11.545830872886953,
        "/ɑ/": 8.360005511522656,
        "/ɝ/": 2.2411857337140852,
        "/æ/": 17.47534441985559
    },
    "/z/": {
        "s": 81.69732254200017,
        "z": 16.78923964788816,
        "x": 1.5134378101116635
    },
    "s": {
        "/z/": 2.9792403428609533,
        "/s/": 93.4118077730338,
        "/ʃ/": 3.5875140166717916
    },
    "e": {
        "/ə/": 19.787023999928326,
        "/ɹ/": 7.2511624482517485,
        "/ɝ/": 11.468979118161917,
        "/ɫ/": 13.910054215019342,
        "/ɛ/": 22.079809853298766,
        "/i/": 14.076236394577975,
        "/ɪ/": 8.644186252916963
    },
    "/s/": {
        "c": 7.073271793620249,
        "s": 92.91270814034976
    },
    "/ɔ/": {
        "o": 60.74010696632911,
        "u": 2.2536689048167675,
        "e": 3.9347716728209567,
        "a": 31.054182294441667,
        "i": 1.9387079019468934
    },
    "/ɹ/": {
        "o": 10.291835003162197,
        "u": 1.1710437413544752,
        "r": 50.398474593892374,
        "e": 13.314119086800517,
        "i": 3.613226665887032,
        "a": 21.077967610850678
    },
    "r": {
        "/ɹ/": 93.58225241547322,
        "/ɝ/": 6.417747584526782
    },
    "/ju/": {
        "u": 77.12339036885909,
        "e": 14.345603003395615,
        "a": 1.9026804578081926,
        "i": 2.5206634915955486,
        "o": 3.440335310907706
    },
    "/m/": {
        "m": 100
    },
    "m": {
        "/m/": 100
    },
    "/ɪ/": {
        "i": 70.40613724722743,
        "o": 4.152186568437045,
        "a": 7.056439017628565,
        "e": 16.460267606137062,
        "u": 1.6806299640462767
    },
    "/f/": {
        "f": 96.05503666056794,
        "p": 2.0680837290297114,
        "h": 1.8768796104023535
    },
    "f": {
        "/f/": 100
    },
    "/oʊ/": {
        "i": 4.872198762140545,
        "o": 79.6852673139628,
        "a": 8.3846828705556,
        "e": 6.204736294400068
    },
    "i": {
        "/ɹ/": 2.669293488746051,
        "/ɪ/": 50.153779352366776,
        "/ɫ/": 9.941101997161226,
        "/i/": 8.836135103327619,
        "/ə/": 20.5024486535148,
        "/ɝ/": 2.482623749059416,
        "/aɪ/": 2.8879059036992145
    },
    "g": {
        "/ŋ/": 15.608170504931849,
        "/dʒ/": 84.22075122896415
    },
    "/ɛ/": {
        "a": 3.9157977681227503,
        "i": 1.4361571684827745,
        "e": 92.99425188262458,
        "o": 1.294350985550212
    },
    "/n/": {
        "n": 100
    },
    "n": {
        "/n/": 98.77127954540715,
        "/ŋ/": 1.2199774594508164
    },
    "k": {
        "/k/": 99.9638559948871
    },
    "/eɪ/": {
        "a": 71.92993055798064,
        "i": 8.916383229960262,
        "e": 14.040892457192259,
        "o": 2.9064635733916133,
        "u": 1.6112061573971073
    },
    "y": {
        "/eɪ/": 3.532276228958248,
        "/ɑ/": 1.5028353499555736,
        "/ɫ/": 8.743500009111683,
        "/i/": 25.496854220621028,
        "/ɝ/": 3.5150705410529683,
        "/ə/": 16.887413885853185,
        "/ɪ/": 16.591038820178525,
        "/ɹ/": 4.976627409640859,
        "/j/": 4.452179015272066,
        "/oʊ/": 1.1225573323826532,
        "/aɪ/": 10.767503803487404
    },
    "/d/": {
        "d": 100
    },
    "d": {
        "/d/": 99.87527802054855
    },
    "/ɫ/": {
        "i": 13.50621063113126,
        "l": 26.487976424233945,
        "a": 21.151615986381252,
        "e": 25.63502433233227,
        "o": 10.108237115213388,
        "u": 2.986374789535991
    },
    "l": {
        "/ɫ/": 99.99840713979331
    },
    "/w/": {
        "w": 66.56393165895102,
        "a": 10.420477606593652,
        "o": 4.29329779032227,
        "i": 6.159882655669828,
        "u": 3.1745245432429536,
        "e": 9.267147578083604
    },
    "w": {
        "/w/": 92.85373968693713,
        "/ɹ/": 2.099155967576672,
        "/ɝ/": 4.3345489321490325
    },
    ".": {},
    "/i/": {
        "a": 16.27453899444227,
        "i": 23.450289884140638,
        "e": 50.67320138198432,
        "o": 6.865092043623489,
        "u": 2.026312410464829
    },
    "/ɑ/": {
        "a": 59.778262512210574,
        "e": 2.5995977748529437,
        "i": 1.9836982651088093,
        "o": 34.970207749591445
    },
    "/ɝ/": {
        "a": 11.022075262087409,
        "e": 56.740980285680976,
        "r": 9.312661130251762,
        "o": 8.134130845835895,
        "u": 5.252132986269993,
        "i": 9.054762330532485
    },
    "h": {
        "/h/": 91.98705723377292,
        "/ʃ/": 4.262508260948042,
        "/f/": 1.4196335731683996,
        "/tʃ/": 1.526463601644802
    },
    "/θ/": {
        "t": 72.96446221744495,
        "h": 27.035537782555064
    },
    "/v/": {
        "v": 100
    },
    "v": {
        "/v/": 99.94283030801314
    },
    "/ks/": {
        "k": 2.3561070734364113,
        "s": 13.743929570409113,
        "x": 57.09010128222139,
        "c": 26.809862073933097
    },
    "/u/": {
        "a": 5.095350587662825,
        "u": 59.667277581468504,
        "e": 9.38299139359439,
        "i": 2.0379889613093685,
        "o": 23.784306418552536
    },
    "/h/": {
        "h": 99.9993082762072
    },
    "/æ/": {
        "a": 97.8668548028332
    },
    "/ŋ/": {
        "n": 92.52886029532752,
        "g": 7.471139704672473
    },
    "/ʃ/": {
        "s": 70.63013864397612,
        "h": 14.220354627670616,
        "t": 1.7460554766673502,
        "c": 13.397501025784749
    },
    "/jə/": {
        "a": 19.22571176042636,
        "i": 15.679406388326004,
        "u": 22.884933298498222,
        "e": 13.054979696981276,
        "o": 19.48523560740386,
        "y": 9.669733248364276
    },
    "/ʒ/": {
        "s": 46.18616186074423,
        "g": 29.39168083093783,
        "j": 17.359368233213743,
        "z": 7.0627890751042095
    },
    "z": {
        "/s/": 2.246976766080118,
        "/z/": 97.60017791889302
    },
    "x": {
        "/ks/": 60.39431261278358,
        "/z/": 39.52846222879178
    },
    "/aɪ/": {
        "a": 4.543172010005472,
        "i": 72.0001324224206,
        "e": 17.48355305478011,
        "o": 2.3767354419132256,
        "y": 2.814894361281613
    },
    "/dʒ/": {
        "d": 3.5116992949106645,
        "j": 68.88304299027732,
        "g": 27.60525771481201
    },
    "j": {
        "/dʒ/": 99.45415071643612
    },
    "q": {
        "/k/": 100
    },
    "-": {},