{
    "/b/": {
        "b": 84.55097444245898,
        "o": 1.455908064206806,
        "u": 1.0315866296248568,
        "a": 3.6501098158393486,
        "e": 4.46263325917227,
        "r": 2.742336463773283,
        "i": 1.0272496026002096,
        "l": 1.0792017223242605
    },
    "/a/": {
        "o": 7.094183107160165,
        "u": 2.80257237000388,
        "t": 1.614563655499857,
        "r": 2.9502553146161095,
        "n": 1.9588995747485765,
        "d": 1.0734807239330273,
        "a": 2.2398015127559145,
        "e": 8.519153274633931,
        "h": 1.7059712310628488,
        "s": 1.2721381935352822,
        "i": 63.97613881202968,
        "l": 2.198428703894651,
        "y": 2.5944135261260826
    },
    "/ʊ/": {
        "o": 80.2116052196489,
        "u": 3.5943009122384573,
        "t": 1.5090590480443469,
        "r": 1.2967732788475472,
        "s": 2.47854194115168,
        "n": 2.319758425743589,
        "a": 1.3572356649715818,
        "l": 3.317970729011995,
        "e": 3.914754780341929
    },
    "/t/": {
        "t": 80.20995230009255,
        "i": 2.8518675329869096,
        "s": 2.6432899395813227,
        "a": 2.404762320641244,
        "r": 2.3048623633754364,
        "n": 1.1314239273775635,
        "e": 7.242782858502682,
        "c": 1.2110587574422929
    },
    "b": {
        "/b/": 95.71324835175795,
        "/ɪ/": 1.2763862406140813,
        "/ə/": 3.0103654076279525
    },
    "o": {
        "/ʊ/": 26.071530853786946,
        "/t/": 1.9582144348379042,
        "/k/": 3.720100337634033,
        "/ɔ/": 5.668098828188216,
        "/ɹ/": 4.608867629416495,
        "/s/": 1.260316114327872,
        "/o/": 21.93722412581545,
        "/n/": 6.954488347735929,
        "/d/": 1.2356020593648993,
        "/ɑ/": 7.942081393361792,
        "/m/": 1.1451500766737552,
        "/ə/": 15.1946277590848,
        "/ɫ/": 2.3036980397719042
    },
    "u": {
        "/b/": 1.8997589471238936,
        "/a/": 1.254138872298374,
        "/ʊ/": 5.645686671948422,
        "/t/": 3.296561669550357,
        "/k/": 3.49296483965941,
        "/ə/": 49.38997786887944,
        "/ɹ/": 2.5164475475572385,
        "/s/": 3.8295336991789175,
        "/j/": 2.739165431506498,
        "/u/": 15.298022858172114,
        "/n/": 3.030832926884916,
        "/d/": 1.5353452744963154,
        "/ɝ/": 1.841252291000581,
        "/ɫ/": 2.941587845008132,
        "/m/": 1.2887232567353812
    },
    "t": {
        "/t/": 85.62523138784016,
        "/ɪ/": 6.232774532272005,
        "/ə/": 3.301568383469983,
        "/s/": 3.468594955264684,
        "/n/": 1.371830741153171
    },
    "/k/": {
        "c": 54.385168551976484,
        "a": 5.472182295913744,
        "s": 1.3377109778876823,
        "e": 4.951692243836312,
        "o": 4.519964925409299,
        "r": 1.7631990659680157,
        "i": 3.3527406866106904,
        "k": 24.21734125239778
    },
    "/ə/": {
        "c": 2.077945780209992,
        "a": 31.358784846119896,
        "u": 5.949335161445307,
        "s": 4.815573705405314,
        "e": 10.613965231711393,
        "m": 2.661550187928462,
        "n": 14.46586869351124,
        "t": 3.6054427001754648,
        "r": 1.3306895272104404,
        "o": 8.844895032521299,
        "i": 5.513397681330237,
        "l": 8.762551452430975
    },
    "/z/": {
        "s": 82.80698144048512,
        "e": 9.22299883194704,
        "i": 1.3555773806916014,
        "r": 1.4847969445606837,
        "n": 1.4624028650167171,
        "z": 3.6672425372988413
    },
    "c": {
        "/k/": 75.90839147211257,
        "/ə/": 6.053705839965806,
        "/s/": 4.656985699190997,
        "/ɪ/": 5.650717278628873,
        "/ɑ/": 1.2310085652772733,
        "/t/": 4.113051222705745,
        "/ʃ/": 2.3861399221187387
    },
    "a": {
        "/k/": 2.6742722843130826,
        "/ə/": 31.98763155354494,
        "/n/": 6.241666643114807,
        "/e/": 5.687225114443357,
        "/ɪ/": 5.377836176759889,
        "/t/": 2.859610078302512,
        "/d/": 1.3709273441488914,
        "/m/": 2.4696511700538966,
        "/ɹ/": 5.754095744601177,
        "/ɫ/": 4.7975132443766,
        "/ɑ/": 9.855938559526884,
        "/s/": 1.21768922972306,
        "/æ/": 19.705942857090914
    },
    "s": {
        "/ə/": 4.199443596573765,
        "/z/": 15.54710457047295,
        "/s/": 71.57877255806737,
        "/ɪ/": 4.317280404338652,
        "/t/": 2.687202049844448,
        "/n/": 1.6701968207028186
    },
    "e": {
        "/k/": 1.8269401652288204,
        "/ə/": 8.173840007367565,
        "/z/": 1.5291830431062015,
        "/ɹ/": 3.6783884687289348,
        "/s/": 4.1637097621511385,
        "/m/": 1.346463624539199,
        "/ɝ/": 8.666427105650351,
        "/n/": 8.136703833543216,
        "/ɫ/": 7.371397734702482,
        "/ɛ/": 19.363583095715548,
        "/d/": 5.625228134636272,
        "/i/": 10.195129897784012,
        "/t/": 6.5022810623644896,
        "/ɪ/": 13.420724064481774
    },
    "/ɔ/": {
        "o": 66.96560082696969,
        "u": 1.6639781389582327,
        "r": 18.698672071233805,
        "a": 8.950753694341921,
        "t": 1.1014787808941018,
        "l": 2.619516487602251
    },
    "/ɹ/": {
        "o": 2.6558129203152063,
        "r": 85.1760204362552,
        "e": 4.728351420423008,
        "i": 1.8556938320392804,
        "a": 5.584121390967309
    },
    "/s/": {
        "c": 1.6588623222422993,
        "s": 85.17910453477872,
        "e": 5.610796510489811,
        "i": 2.3815909866093676,
        "a": 1.2388141197642248,
        "t": 3.9308315261155773
    },
    "r": {
        "/ɹ/": 69.46032492169242,
        "/ɪ/": 1.6953069303546844,
        "/ɑ/": 1.290223033944281,
        "/ɝ/": 25.385058527466548,
        "/t/": 2.1690865865420648
    },
    "/j/": {
        "c": 1.8510881295125976,
        "u": 59.646351758676445,
        "e": 8.410836383870288,
        "a": 5.4024287493098475,
        "i": 5.4038272868771395,
        "l": 2.6253795773753508,
        "r": 1.4255850651679547,
        "n": 2.288738339385246,
        "m": 1.801464523240679,
        "o": 1.9119347602325432,
        "y": 9.232365426351917
    },
    "/u/": {
        "u": 66.62259494255059,
        "s": 2.43755037235984,
        "e": 7.349078689720249,
        "r": 1.1757253565432422,
        "l": 2.1211678389214574,
        "i": 1.1830455438639216,
        "o": 15.330084010503796,
        "t": 2.2859783528245217,
        "n": 1.4947748927123905
    },
    "/m/": {
        "e": 4.178362173499249,
        "m": 86.51594160779435,
        "a": 5.785923448991677,
        "o": 1.5930336612292357,
        "i": 1.926739108485483
    },
    "m": {
        "/ə/": 6.719552146770786,
        "/m/": 91.39909162783407,
        "/ɪ/": 1.881356225395162
    },
    "/f/": {
        "f": 87.17096141320208,
        "r": 2.025895740433674,
        "i": 3.204741566723419,
        "o": 1.9302840380699922,
        "a": 1.5717236018349594,
        "e": 4.0963936397358705
    },
    "/ɪ/": {
        "r": 1.3646170663096622,
        "i": 61.48592841774644,
        "s": 3.216985408462687,
        "c": 1.2603728190141972,
        "a": 3.4258414622750264,
        "t": 4.4228506065224,
        "l": 2.3023501073335177,
        "d": 1.195515924418489,
        "n": 8.671027861989764,
        "g": 1.3302452243238876,
        "e": 11.324265101603928
    },
    "/o/": {
        "r": 2.5579142080280692,
        "s": 1.2078274707430592,
        "c": 1.0877990828222603,
        "o": 88.12499283179412,
        "l": 2.789285932354252,
        "n": 1.8516515182712299,
        "e": 1.250830789087992,
        "t": 1.129698166899016
    },
    "f": {
        "/f/": 95.94945151397788,
        "/ɪ/": 2.263651826648451,
        "/ə/": 1.7868966593736815
    },
    "i": {
        "/ɹ/": 1.4460954878830448,
        "/ɪ/": 72.9935449293443,
        "/s/": 1.7703776145041312,
        "/k/": 1.2391202230839355,
        "/n/": 4.056535794962054,
        "/t/": 2.56467549950393,
        "/ɫ/": 2.2448932950804856,