{
    "/b/": {
        "ber": 2.6307361838201095,
        "^ba": 8.959857750513644,
        "^be": 7.796340075630514,
        "^bi": 3.6462434184784356,
        "^bl": 3.2396104000328325,
        "^bo": 6.834306637930374,
        "^br": 7.297411176985214,
        "^bu": 5.2820179763029715
    },
    "/t/": {
        "ter": 2.111064644563609,
        "^ch": 2.0345806481445483,
        "^tr": 2.255985943655793
    },
    "/k/": {
        "^ca": 5.363460817966315,
        "^co": 8.45110387369597,
        "^cr": 2.2472152938734746
    },
    "/z/": {
        "'s$": 12.047133765495893,
        "ns$": 4.881466471252494,
        "es$": 8.815405575242382,
        "rs$": 5.734059284523971,
        "ers": 2.182627153297484
    },
    "/ɔ/": {
        "ore": 2.240990520340289,
        "ort": 2.249732102304902,
        "^or": 2.930546278642835
    },
    "/ɹ/": {
        "^ra": 2.4152921098497537,
        "^re": 6.504667882701859,
        "^ro": 2.7895937197807448
    },
    "/s/": {
        "ts$": 2.026796693595944,
        "^sa": 2.9596030273201293,
        "^se": 2.7955487086442457,
        "^st": 4.937698671380223,
        "^su": 2.2901172913552483
    },
    "/j/": {
        "^eu": 2.3097541637792354,
        "^un": 2.4598734096951658,
        "^ya": 4.255671513532537,
        "^ye": 3.2176934033124938,
        "^yo": 4.090266856201077
    },
    "/m/": {
        "^ma": 10.266979816494983,
        "^mc": 3.498676998162256,
        "^me": 4.587384207863734,
        "^mi": 5.160378785211726,
        "^mo": 5.167930997024713,
        "^mu": 2.3306701735900544
    },
    "/f/": {
        "^fa": 6.0259462440982725,
        "^fe": 4.791551101397922,
        "^fi": 5.62564671048604,
        "^fl": 4.382501040210209,
        "^fo": 5.686334977216904,
        "^fr": 6.172017418459007,
        "^fu": 2.768349506086423,
        "^ph": 2.3665525098773506
    },
    "/ɪ/": {
        "ing": 4.058707890324905,
        "^in": 2.4037616961164487
    },
    "/o/": {
        "^ov": 2.256436751229186
    },
    "/ɡ/": {
        "ger": 2.1342427201076837,
        "^ga": 7.8557474484546645,
        "^ge": 2.0177160708123845,
        "^gi": 2.3145116665385723,
        "^gl": 2.8224569064637253,
        "^go": 6.158137082023833,
        "^gr": 9.054753271561164,
        "^gu": 4.393542326515992
    },
    "/ɛ/": {
        "ell": 2.9428513477968767
    },
    "/n/": {
        "on$": 3.5556988972205597,
        "an$": 2.9909115053016437,
        "ent": 2.0143204753684008
    },
    "/e/": {
        "ate": 2.606941476276679,
        "ati": 3.606930583960687,
        "rat": 2.122361236102825
    },
    "/d/": {
        "ed$": 5.8811291903145095,
        "^da": 2.3686715141881813,
        "^de": 6.932829216035611,
        "^di": 4.390241353500687,
        "^do": 2.627761075327912
    },
    "/ɫ/": {
        "le$": 2.2486681113725786,
        "^la": 3.297435371583841,
        "^le": 2.450281381904852,
        "^li": 2.1281421543396077
    },
    "/w/": {
        "^wa": 10.661158557202034,
        "^we": 9.531216916265823,
        "^wi": 10.940096459044433,
        "^wo": 6.209001311363245
    },
    "/i/": {
        "ey$": 2.6103096712692047,
        "ly$": 2.9602865947149177,
        "^re": 2.0843634163325486
    },
    "/p/": {
        "^pa": 8.053974078725304,
        "^pe": 6.787927032723079,
        "^pi": 3.688416133832338,
        "^pl": 2.54540958378129,
        "^po": 5.718653010996538,
        "^pr": 8.14679794095742,
        "^pu": 2.326411668100915
    },
    "/ɑ/": {
        "^ar": 2.471427030605217
    },
    "/ɝ/": {
        "er$": 14.843986853455249,
        "ers": 4.7197175290454405,
        "ter": 2.6349072464526815
    },
    "/θ/": {
        "th$": 11.950726322359376,
        "ath": 6.119388894601598,
        "eth": 3.3907815713912823,
        "the": 4.927933357042667,
        "tha": 2.683655196905877,
        "ith": 2.2263747797765108,
        "thi": 2.3412956555917557,
        "nth": 2.4182917142164406,
        "rth": 2.748177565691236,
        "oth": 3.008800441111016,
        "uth": 2.6580256305233947,
        "^th": 21.689673942887453
    },
    "/v/": {
        "ive": 2.7864960008767587,
        "ve$": 3.1731298246686412,
        "ver": 7.347377208345918,
        "eve": 2.457628630309267,
        "^va": 7.462523810894248,
        "^ve": 4.903957095385968,
        "^vi": 5.888240301668737,
        "^vo": 2.731860808143169
    },
    "/h/": {
        "^ha": 19.736909989495135,
        "^he": 14.22393214104671,
        "^hi": 6.405499366895957,
        "^ho": 14.235047246198855,
        "^hu": 6.447939605659679,
        "^hy": 2.3900883241642785,
        "^wh": 3.8560093909018365
    },
    "/æ/": {
        "ran": 2.875099489526719,
        "^al": 2.2229244489035294,
        "and": 2.1353503199119572,
        "^an": 3.072172772969699,
        "^ma": 2.012082296288735
    },
    "/ŋ/": {
        "ing": 20.864862180836106,
        "ng$": 32.63442696434028,
        "ank": 2.4967015452542154,
        "ngs": 2.4669090787907932,
        "nge": 2.3973805212537784,
        "ang": 2.9057186471990484
    },
    "/ʃ/": {
        "ati": 2.940946017083137,
        "ion": 4.161826771785483,
        "tio": 7.202969245513581,
        "ch$": 2.3680343106763697,
        "che": 2.7130343573578233,
        "^ch": 3.94712084905415,
        "^sc": 6.0749165251204245,
        "^sh": 10.154938614950781
    },
    "/ʒ/": {
        "ge$": 5.392413481148346,
        "age": 2.08200749061979,
        "ger": 2.455990461230447,
        "nge": 2.124268612227625,
        "^ge": 3.4408162502589597,
        "^ja": 3.1206607332254577,
        "^je": 2.1266051892082554,
        "^jo": 2.491770621284458,
        "^ju": 2.1784337442198787
    },
    "/ð/": {
        "ith": 3.3087253162690278,
        "eth": 2.5110030363395217,
        "her": 14.36170801804857,
        "the": 28.216399110346256,
        "ath": 5.258123575930388,
        "he$": 2.6546620185891885,
        "eat": 3.3301497411047656,
        "oth": 4.3922639203831375,
        "thi": 3.054675609326759,
        "^th": 10.809019321170128
    }
}